{"3_5_3": {"0.3": 40.85228181610577, "0.5": 0, "0.7": 0, "0.9": 0}, "0_1_1": {"0.3": 8.974504426801131, "0.5": 0, "0.7": 0, "0.9": 0}}